review,label
"I absolutely loved this movie! The acting was fantastic and the storyline was gripping.",positive
"This film was a complete waste of time. I wouldn't recommend it to anyone.",negative
"The visuals were stunning, but the plot was quite weak.",neutral
"An amazing experience! I cried, I laughed, and I was thoroughly entertained.",positive
"Terrible. The characters were one-dimensional and the pacing was slow.",negative
"I found it to be just okay. Not great, not terrible.",neutral
"This is one of the best movies I have seen in a long time. Highly recommend!",positive
"Unfortunately, I had high hopes, but it just didn't deliver.",negative
"The direction was superb, and the cinematography was breathtaking.",positive
"Really disappointing. The trailer was more exciting than the movie itself.",negative
"I thoroughly enjoyed the cricket match! The atmosphere was electric.",positive
"The last match was a total letdown. The team didn't perform at all.",negative
"It was an average game. Nothing too exciting happened.",neutral
"What an incredible performance by the players! A memorable match.",positive
"I was really hoping for a better show. The team needs to step up.",negative
"The final overs were nail-biting, truly a great match to watch.",positive
"This cricket match was just boring. No real action at all.",negative
"The product is fantastic! It exceeded my expectations.",positive
"I am very disappointed with this purchase. It broke after one use.",negative
"Decent product for the price, but not the best.",neutral
"This gadget has changed my life! Highly recommend it to everyone.",positive
"Terrible experience. Customer service was unhelpful.",negative
"I was expecting more features for the price I paid.",negative
"Great quality and easy to use. I’m very satisfied!",positive
"This book was a wonderful read. I couldn't put it down!",positive
"I didn't enjoy this book at all. The plot was predictable.",negative
"The storyline was intriguing, but the pacing was slow.",neutral
"This author has a unique writing style that I really appreciate.",positive
"Not my cup of tea. I found it quite boring.",negative
"The characters were well-developed, making it an enjoyable read.",positive
"Very disappointing. I expected a lot more from this product.",negative
"The restaurant ambiance was lovely, and the service was exceptional.",positive
"I had to wait too long for my food. Not impressed.",negative
"The pasta was delicious, but the dessert was mediocre.",neutral
"I will definitely be coming back! The best meal I've had in ages.",positive
"The staff was rude and unhelpful. I won’t be returning.",negative
"Good food, but the prices are too high for what you get.",neutral
"Fantastic sushi! Fresh and beautifully presented.",positive
"I ordered a steak, but it was overcooked and tough.",negative
"The vegetarian options were surprisingly good!",positive
"Not worth the hype. I expected better based on the reviews.",negative
"The coffee was excellent, and the atmosphere was cozy.",positive
"I felt the portions were too small for the price.",negative
"Very family-friendly with a great kids' menu!",positive
"The location is convenient, but parking is a nightmare.",negative
"The movie had a great soundtrack that complemented the scenes.",positive
"I didn't connect with the characters at all. Disappointing.",negative
"Great special effects but a weak plot.",neutral
"Thrilling from start to finish! A must-see.",positive
"A boring film that seemed to drag on forever.",negative
"Stellar performances by the lead actors.",positive
"The pacing was slow and lacked excitement.",negative
"An insightful documentary that opened my eyes to new ideas.",positive
"I found it hard to follow the storyline at times.",negative
"Perfect blend of comedy and drama!",positive
"It was a forgettable experience overall.",negative
"Great team effort in the cricket match!",positive
"The umpiring decisions were questionable.",negative
"I love how the players displayed sportsmanship.",positive
"The match was filled with unnecessary interruptions.",negative
"The atmosphere in the stadium was electric!",positive
"Disappointing performance by my favorite player.",negative
"The batsman played exceptionally well today!",positive
"Too many dropped catches ruined the game.",negative
"This product works as advertised and is very reliable.",positive
"I wish I had done more research before buying this.",negative
"This is the best vacuum cleaner I've ever owned!",positive
"I was shocked at how poorly this product performed.",negative
"Very useful and easy to operate.",positive
"The battery life is not as long as promised.",negative
"I would definitely buy this again!",positive
"This book kept me up all night! I couldn't stop reading.",positive
"The ending was quite predictable and disappointing.",negative
"Intriguing plot twists kept me engaged.",positive
"The character development was lacking.",negative
"This restaurant exceeded my expectations!",positive
"I wouldn't recommend this place to anyone.",negative
"The food was fresh and delicious.",positive
"I had a hair in my food; disgusting!",negative
"The staff was attentive and friendly.",positive
"I had to ask for my drink three times.",negative
"Exceptional service! I felt valued as a customer.",positive
"The food took forever to arrive.",negative
"The dessert was heavenly! Highly recommend it.",positive
"Not a fan of the ambiance; it felt too cramped.",negative
"This movie is a classic! Timeless and entertaining.",positive
"Very average; didn't live up to the hype.",negative
"A beautiful story about love and loss.",positive
"I didn’t feel any connection to the story.",negative
"The cricket match was thrilling with plenty of close calls!",positive
"Such a boring match, I almost fell asleep.",negative
"The crowd was really into the game!",positive
"Another lackluster performance by the team.",negative
"This phone has an incredible camera!",positive
"I was disappointed with the battery life.",negative
"The design is sleek and modern.",positive
"This app crashes all the time; very frustrating.",negative
"I'm thrilled with my new blender; it works wonders!",positive
"This microwave stopped working after a week.",negative
"Very easy to set up and use.",positive
"Not impressed; it lacks essential features.",negative
"Such a fantastic experience! I loved every moment.",positive
"The characters felt flat and unrelatable.",negative
"I can't wait to watch this movie again!",positive
"This product has been a game changer for me!",positive
"I wouldn't waste my money on this again.",negative
